Old Ref ID,Ref ID,Record Last Updated (dd/mm/yyyy),Operator (or Applicant),Site Name,Technology Type,Storage Type,Storage Co-location REPD Ref ID,Installed Capacity (MWelec),Share Community Scheme,CHP Enabled,CfD Allocation Round,RO Banding (ROC/MWh),FiT Tariff (p/kWh),CfD Capacity (MW),Turbine Capacity,No. of Turbines,Height of Turbines (m),Mounting Type for Solar,Development Status,Development Status (short),Are they re-applying (New REPD Ref),Are they re-applying (Old REPD Ref) ,Address,County,Region,Country,Post Code,X-coordinate,Y-coordinate,Planning Authority,Planning Application Reference,Appeal Reference,Secretary of State Reference,Type of Secretary of State Intervention,Judicial Review,Offshore Wind Round,Planning Application Submitted,Planning Application Withdrawn,Planning Permission Refused,Appeal Lodged,Appeal Withdrawn,Appeal Refused,Appeal Granted,Planning Permission Granted,Secretary of State - Intervened,Secretary of State - Refusal,Secretary of State - Granted,Planning Permission Expired,Under Construction,Operational,Heat Network Ref,Solar Site Area (sqm),Status_Category,geometry
2470,12628074,15/09/2022,Scottish Power Renewables,East Anglia 3 (EA 3),Wind Offshore,,,1400.0,,,AR6,,,158.90,14.00,100,282.00,,Under Construction,Under Construction,,,"East Anglia Offshore Wind Three, Underground Cabling Between Bramford And Bawdsey, Lowestoft",Offshore,Offshore,England,NR32,685500,257000,The Planning Inspectorate - National Infrastructure,EN010056,,,,,03/01/1900,18/11/2015,,,,,,,07/08/2017,,,,,01/08/2022,,,,Under Construction,POINT (685500 257000)
2471,12628698,01/04/2022,Scottish Power Renewables,East Anglia 1 North (EA 4),Wind Offshore,,,800.0,,,,,,,11.90,67,282.00,,Planning Permission Granted,Awaiting Construction,,,36km offshore from Lowestoft,Offshore,Offshore,England,NR32,685500,257000,The Planning Inspectorate - National Infrastructure,EN010077,,,,,03/01/1900,15/10/2019,,,,,,,31/03/2022,,,,31/03/2029,,,,,Planned,POINT (685500 257000)
2472,12310283,18/03/2022,Orsted (formerly Dong Energy),Hornsea 3,Wind Offshore,,,2955.0,,No,AR6,,,1080.00,10.00,231,,,Planning Permission Granted,Awaiting Construction,,,120km Offshore from Cromer,Offshore,Offshore,England,,626000,426000,The Planning Inspectorate - National Infrastructure,EN010080,,,,,03/01/1900,14/05/2018,,,,,,,30/12/2020,,,,13/12/2027,,,,,Planned,POINT (626000 426000)
2473,12627923,07/05/2025,Orsted (formerly Dong Energy),Hornsea 4,Wind Offshore,,,2600.0,,,AR6,,,2400.00,14.40,180,,,Planning Permission Granted,Awaiting Construction,,,69km offshore from Flamborough,Offshore,Offshore,England,,626000,426000,The Planning Inspectorate - National Infrastructure,EN010098,,,,,03/01/1900,29/09/2021,,,,,,,12/07/2023,,,,12/07/2030,,,,,Planned,POINT (626000 426000)
2475,,05/12/2008,Celtpower,Cirrus Shell Flat Array,Wind Offshore,,,284.0,,,,,,,3.15,90,,,Planning Application Withdrawn,Application Withdrawn,,,7km Cleveleys ,Offshore,Offshore,England,,323355,443490,DECC (S36),,,,,,01/01/1900,,05/12/2008,,,,,,,,,,,,,,,Planned,POINT (323355 443490)
2477,10608646,27/01/2010,E.On  / Energie 2,Scarweather Sands ,Wind Offshore,,,108.0,,,,,,,3.00,30,,,Planning Application Withdrawn,Application Withdrawn,,,5.5km Sker Point (nr Porthcawl) ,Offshore,Offshore,Wales,,272400,171520,DECC (S36),,,,,,01/01/1900,,27/01/2010,,,,,,,,,,,,,,,Planned,POINT (272400 171520)
2484,12225106,22/12/2022,RWE Renewables UK Limited,The East Anglia Array - Norfolk Vanguard,Wind Offshore,,,2800.0,,No,,,,,,145,350.00,,Planning Permission Granted,Awaiting Construction,,,"North Sea, off the East Anglia coast",Offshore,Offshore,England,,708047,312194,The Planning Inspectorate - National Infrastructure,EN010079,,,,,03/01/1900,11/07/2018,,18/02/2021,,,,,11/02/2022,,,11/02/2022,11/02/2027,,,,,Planned,POINT (708047 312194)
2487,10541826,27/02/2018,Orsted (formerly Dong Energy),Burbo Bank,Wind Offshore,,,90.0,,,,,,,3.60,25,,,Operational,Operational,,,"Burbo Flats, Liverpool Bay, approximately 6.4km (4.0 miles) from the Sefton coastline and 7.2km (4.5 miles) from North Wirral.",Offshore,Offshore,England,,321476,399706,DECC (S36),,,,,,01/01/1900,12/04/2002,,,,,,,14/07/2006,,,,,01/08/2006,18/10/2007,,,Operational,POINT (321476 399706)
2489,10876065,20/11/2017,Orsted (formerly Dong Energy),Gunfleet Sands II ,Wind Offshore,,,64.8,,,,,,,3.60,18,,,Operational,Operational,,,5 Miles from the Essex coast at Frinton-on-Sea,Offshore,Offshore,England,,624262,208150,DECC (S36),,,,,,02/01/1900,18/06/2007,,,,,,,28/02/2008,,,,,01/04/2009,24/07/2009,,,Operational,POINT (624262 208150)
2490,10876065,01/05/2018,Orsted (formerly Dong Energy),Gunfleet Sands Offshore Wind Scheme,Wind Offshore,,,108.0,,,,,,,3.60,30,,,Operational,Operational,,,Gunfleet Sands 4 miles offshore from Holland-on-Sea Nr Clacton-on-Sea Essex,Offshore,Offshore,England,,622317,208468,DECC (S36),,,,,,01/01/1900,01/03/2002,,,,,,,01/03/2004,,,,,01/04/2009,24/07/2009,,,Operational,POINT (622317 208468)
2491,,24/08/2017,XceCo,Inner Dowsing ,Wind Offshore,,,97.2,,,,,,,3.60,27,,,Operational,Operational,,,5.2km Ingoldmells ,Offshore,Offshore,England,,563561,368447,DECC (S36),,,,,,01/01/1900,11/09/2002,,,,,,,23/09/2003,,,,,01/03/2008,20/04/2008,,,Operational,POINT (563561 368447)
2492,10657454,27/10/2017,Vattenfall,Kentish Flats ,Wind Offshore,,,90.0,,,,,,,3.00,30,,,Operational,Operational,,,"Saltend, Thames Estuary, North Sea",Offshore,Offshore,England,,615015,178055,DECC (S36),,,,,,01/01/1900,15/08/2002,,,,,,,01/03/2003,,,,,01/06/2004,10/09/2005,,,Operational,POINT (615015 178055)
2493,,24/08/2017,XceCo,Lynn,Wind Offshore,,,97.2,,,,,,,3.60,27,,,Operational,Operational,,,5.2km Skegness ,Offshore,Offshore,England,,564095,362638,DECC (S36),,,,,,01/01/1900,29/10/2003,,,,,,,14/08/2004,,,,,01/03/2008,15/03/2008,,,Operational,POINT (564095 362638)
2494,10562577,23/08/2017,Greencoat (formerly Npower Renewables),North Hoyle ,Wind Offshore,,,60.0,,,,,,,2.00,30,,,Operational,Operational,,,7.5km Prestatyn & Rhyl ,Offshore,Offshore,Wales,,303823,392138,DECC (S36),,,,,,01/01/1900,05/04/2001,,,,,,,31/07/2002,,,,,03/04/2003,01/12/2003,,,Operational,POINT (303823 392138)
2495,10581765,23/08/2017,RWE Npower,Rhyl Flats ,Wind Offshore,,,90.0,,,,,,,3.60,25,,,Operational,Operational,,,"8km Abergele, five miles off the North Wales coast in Liverpool Bay",Offshore,Offshore,Wales,,290990,388002,DECC (S36),,,,,,01/01/1900,25/03/2002,,,,,,,01/01/2003,,,,,01/09/2007,28/12/2009,,,Operational,POINT (290990 388002)
2496,10543191,18/08/2017,E.ON UK,Robin Rigg East,Wind Offshore,,,84.0,,,,,,,3.00,28,,,Operational,Operational,,,9.5km Maryport/8.5km off Rock Cliffe ,Offshore,Offshore,Scotland,,291005,542348,Scottish Government (S36),,,,,,01/01/1900,14/06/2002,,,,,,,16/06/2003,,,,,01/12/2006,28/04/2010,,,Operational,POINT (291005 542348)
2497,10543191,18/08/2017,E.ON UK,Robin Rigg West,Wind Offshore,,,90.0,,,,,,,3.00,30,,,Operational,Operational,,,9.5km Maryport/8.5km off Rock Cliffe ,Offshore,Offshore,Scotland,,288785,540522,Scottish Government (S36),,,,,,01/01/1900,14/06/2002,,,,,,,16/06/2003,,,,,01/12/2006,18/07/2009,,,Operational,POINT (288785 540522)
2498,10540833,29/02/2016,E.ON UK,Scroby Sands ,Wind Offshore,,,60.0,,,,,,,2.00,30,,,Operational,Operational,,,"3km NE Great Yarmouth, Norfolk",Offshore,Offshore,England,,656417,311874,DECC (S36),,,,,,01/01/1900,05/03/2001,,,,,,,01/12/2002,,,,,01/10/2003,01/03/2004,,,Operational,POINT (656417 311874)
2499,10823344,01/05/2018,Vattenfall,Thanet ,Wind Offshore,,,300.0,,,,,,,3.00,100,,,Operational,Operational,,,11km off North Foreland Kent,Offshore,Offshore,England,,652658,176367,DECC (S36),,,,,,02/01/1900,08/11/2005,,,,,,,18/12/2006,,,,,01/11/2009,16/09/2010,,,Operational,POINT (652658 176367)
2500,10621539,03/09/2020,Orsted (formerly Dong Energy),Walney 1,Wind Offshore,,,183.6,,,,,,,3.60,51,,,Operational,Operational,,,"14km off Walney Island, Irish Sea",Offshore,Offshore,England,,300833,461449,DECC (S36),,,,,,02/01/1900,31/03/2006,,,,,,,07/11/2007,,,,,10/03/2010,30/05/2011,,,Operational,POINT (300833 461449)
2502,12129424,01/09/2022,Orsted (formerly Dong Energy),Hornsea 2 - Optimus and Breesea,Wind Offshore,,,1320.0,,,AR2,,,1386.00,8.00,165,,,Operational,Operational,,,"The Wash, Sutton Bridge",Offshore,Offshore,England,,632326,457349,The Planning Inspectorate - National Infrastructure,EN010053,,,,,03/01/1900,30/01/2015,,,,,,,16/08/2016,,,,,01/09/2019,31/08/2022,,,Operational,POINT (632326 457349)
2505,12242029,30/04/2019,Vattenfall,European Offshore Wind Deployment Centre (EOWDC) (Aberdeen Bay - Demonstration site),Wind Offshore,,,96.8,,,,,,,8.80,11,,,Operational,Operational,,,,Offshore,Offshore,Scotland,,395693,806148,Scottish Government (S36),,,,,,Demo,31/08/2011,,,,,,,26/03/2013,,,,,07/04/2018,07/09/2018,,,Operational,POINT (395693 806148)
2506,10621539,03/09/2020,Orsted (formerly Dong Energy),Walney 2,Wind Offshore,,,183.6,,,,,,,3.60,51,,,Operational,Operational,,,"14km off Walney Island, Irish Sea",Offshore,Offshore,England,,294836,466177,DECC (S36),,,,,,02/01/1900,31/03/2006,,,,,,,07/11/2007,,,,,09/04/2011,06/04/2012,,,Operational,POINT (294836 466177)
2508,11052612,26/11/2013,Npower,Atlantic Array One - Bristol Channel Zone,Wind Offshore,,,1200.0,,,,,,,5.00,240,,,Planning Application Withdrawn,Application Withdrawn,,,"Between Ilfracombe in North Devon and Swansea, The nearest turbine to land would be 13 miles off shore.",Offshore,Offshore,England,,221400,166500,DECC (S36),,,,,,03/01/1900,12/07/2013,25/11/2013,,,,,,,,,,,,,,,Planned,POINT (221400 166500)
2509,10819488,23/08/2017,Vattenfall,Ormonde Offshore,Wind Offshore,,,150.0,,,,,,,5.00,30,,,Operational,Operational,,,"10km off Barrow on Furness, Heysham",Offshore,Offshore,England,,306000,466842,DECC (S36),,,,,,01/01/1900,12/07/2005,,,,,,,04/09/2008,,,,,01/06/2010,22/02/2012,,,Operational,POINT (306000 466842)
2510,10824744,02/10/2019,Airtricity / Fluor Ltd,Greater Gabbard Wind Farm,Wind Offshore,,,504.0,,,,,,,3.60,140,,,Operational,Operational,,,Near the Suffolk Coast (26km out to sea),Offshore,Offshore,England,,670237,231640,DECC (S36),,,,,,02/01/1900,17/10/2005,,,,,,,20/02/2007,,,,,01/07/2009,07/09/2012,,,Operational,POINT (670237 231640)
2511,10780039,06/11/2018,Siemens Gamesa Renewable Energy,London Array Phase 1,Wind Offshore,,,630.0,,,,,,,3.60,175,,,Operational,Operational,,,12 miles (20km) off the Kent and Essex coasts,Offshore,Offshore,England,,642078,197218,DECC (S36),,,,,,02/01/1900,01/06/2005,,15/12/2006,,,,05/09/2007,05/09/2007,,,,,01/03/2011,06/04/2013,,,Operational,POINT (642078 197218)
2512,10883945,05/11/2019,Equinor,Sheringham Shoal ,Wind Offshore,,,317.0,,,,,,,3.60,88,,,Operational,Operational,,,"between 17 and 22 kilometres off the Norfolk coast, north of the seaside town of Sheringham.",Offshore,Offshore,England,,610671,364425,DECC (S36),,,,,,02/01/1900,30/05/2006,,,,,,,07/08/2008,,,,,30/06/2009,29/10/2012,,,Operational,POINT (610671 364425)
2513,,01/05/2018,Ørsted,Centrica (Lincs),Wind Offshore,,,270.0,,,,,,,3.60,75,,,Operational,Operational,,,8 Km of Skegness,Offshore,Offshore,England,,567020,368144,DECC (S36),,,,,,02/01/1900,24/01/2007,,,,,,,21/10/2008,,,,,01/03/2010,24/07/2013,,,Operational,POINT (567020 368144)
2514,10726846,18/05/2015,EDF Energy - Northern Offshore Windfarm Ltd,Teeside Offshore Wind Farm,Wind Offshore,,,62.0,,,,,,,2.30,27,,,Operational,Operational,,,"Coast of Coatham Sands at Redcar, the nearest within a mile of the beach",Offshore,Offshore,England,,458470,528174,DECC (S36),R/2004/0305/FF,,,,,01/01/1900,22/03/2005,,,,,,,17/09/2007,,,,,01/02/2012,31/08/2013,,,Operational,POINT (458470 528174)
2515,11022914,20/08/2020,Orsted (formerly Dong Energy)/ Macquarie Group,Race Bank (Phase 1),Wind Offshore,,,289.8,,,,,,,6.30,46,154.00,,Operational,Operational,,,"Race Bank
Greater Wash",Offshore,Offshore,England,,573300,363000,DECC (S36),,,,,,02/01/1900,23/01/2009,,,,,,,06/07/2012,,,,,07/07/2016,08/06/2017,,,Operational,POINT (573300 363000)
2516,10631124,06/07/2012,Centrica,Docking Shoal A,Wind Offshore,,,540.0,,,,,,,5.00,108,,,Planning Permission Refused,Application Refused,,,17km off the North Norfolk Coast,Offshore,Offshore,England,,588560,366879,DECC (S36),,,,,,02/01/1900,09/12/2008,,06/07/2012,,,,,,,,,,,,,,Planned,POINT (588560 366879)
2517,12630521,12/04/2022,"SSE/Equinor (formerly Statoil, formerly Forewind)",Dogger Bank C (was Teesside A),Wind Offshore,,,1200.0,,No,AR3,,,1200.00,14.00,87,260.00,,Under Construction,Under Construction,,,125km off coast of Yorkshire,Offshore,Offshore,England,,675550,599192,The Planning Inspectorate - National Infrastructure,EN010051,,,,,03/01/1900,28/03/2014,,,,,,,05/08/2015,,,,,01/03/2022,,,,Under Construction,POINT (675550 599192)
2519,10876306,20/08/2020,Scottish Power Renewables & Orsted (formerly Dong Energy),West of Duddon Sands,Wind Offshore,,,389.0,,,,,,,3.60,108,,,Operational,Operational,,,"Off Duddon Sands, Cumbria. East Irish Sea",Offshore,Offshore,England,,304230,455334,DECC (S36),,,,,,02/01/1900,01/04/2006,,,,,,,04/09/2008,,,,,21/05/2013,30/10/2014,,,Operational,POINT (304230 455334)
2520,11855750,06/12/2019, E.ON UK,Rampion Offshore Wind Farm (Hastings Zone),Wind Offshore,,,400.0,,,,,,,3.45,116,140.00,,Operational,Operational,,,off the Sussex coastline,Offshore,Offshore,England,,528790,83836,The Planning Inspectorate - National Infrastructure,EN010032,,,,,03/01/1900,25/03/2013,,,,,,,16/07/2014,,,,,25/01/2016,26/11/2017,,,Operational,POINT (528790 83836)
2521,11850055,31/05/2019,Scottish & Southern Energy (SSE) / Repsol / CIP,Beatrice,Wind Offshore,,,588.0,,,AR1 ,,,664.00,7.00,84,,,Operational,Operational,,,Offshore Scottish borders,Offshore,Offshore,Scotland,,344074,911416,Scottish Government (S36),,,,,,STW,25/04/2012,,,,,,,19/03/2014,,,,,02/04/2017,05/08/2019,,,Operational,POINT (344074 911416)
2522,11880546,07/06/2023,EDF Renewables Power,Neart na Gaoithe,Wind Offshore,,,450.0,,,AR1,,,448.00,8.00,54,208.00,,Under Construction,Under Construction,,,"Offshore Scottish borders (15KM off Forth Estuary, Kirkcaldy, Fife, ",Offshore,Offshore,Scotland,,384615,708641,Marine Scotland,,,,,19/07/2016,STW,30/07/2012,,,,,,,16/05/2017,,,,,01/01/2020,,,,Under Construction,POINT (384615 708641)
2524,11891406,20/08/2020,Scottish Power Renewables,East Anglia 1 (EA 1),Wind Offshore,,,714.0,,,AR1,,,714.00,7.00,102,,,Operational,Operational,,,"Offshore, East of England",Offshore,Offshore,England,NR32,685500,257000,The Planning Inspectorate - National Infrastructure,ENO10025,,,,,03/01/1900,21/11/2012,,,,,,,17/06/2014,,,,,24/05/2018,28/07/2020,,,Operational,POINT (685500 257000)
2525,11891347,03/09/2020,Orsted (formerly Dong Energy),Hornsea 1 - Heron & Njord,Wind Offshore,,,1218.0,,,AR3,,,1200.00,7.00,174,,,Operational,Operational,,,,Offshore,Offshore,England,,626000,426000,The Planning Inspectorate - National Infrastructure,EN010033,,,,,03/01/1900,30/07/2013,,,,,,,10/12/2014,,,,,26/01/2018,01/12/2019,,,Operational,POINT (626000 426000)
2526,11842497,02/10/2019,RWE Npower Renewables,Galloper Wind Farm,Wind Offshore,,,353.0,,,,,,,6.30,56,,,Operational,Operational,,,"30 km from Suffolk coastline, South East Of Sizewell And Aldeburgh",Offshore,Offshore,England,,678139,227875,The Planning Inspectorate - National Infrastructure,EN010003,,,,,02/01/1900,21/11/2011,,,,,,,24/05/2013,,,,,29/07/2016,30/03/2018,,,Operational,POINT (678139 227875)
2527,11897449,03/09/2024,Red Rock Power (ICOL),Inch Cape,Wind Offshore,,,1080.0,,,AR6,,,266.11,15.00,72,291.00,,Planning Permission Granted,Awaiting Construction,,,Offshore - Scottish Borders (15-22 KM off the east Angus coastline),Offshore,Offshore,Scotland,,387786,734231,Marine Scotland,,,,,,STW,04/07/2013,,,,,,,16/05/2017,,,,,,,,,Planned,POINT (387786 734231)
2532,11815550,02/03/2022,Innogy,Triton Knoll ,Wind Offshore,,,857.0,,,AR2,,,,9.50,90,187.00,,Operational,Operational,,,"Greater Wash region, approximately 33km off the Lincolnshire coast",Offshore,Offshore,England,,591183,372179,The Planning Inspectorate - National Infrastructure,,,,,,02/01/1900,24/02/2012,,,,,,,11/07/2013,,,,,10/09/2018,13/01/2022,,,Operational,POINT (591183 372179)
2533,12133371,04/06/2020,Orsted (formerly Dong Energy),Walney 3,Wind Offshore,,,659.0,,,Investment Contract,,,660.00,6.00,110,222.00,,Operational,Operational,,,"14km off Walney Island, Irish Sea",Offshore,Offshore,England,,286289,467410,DECC (S36),,,,,,02/01/1900,30/07/2013,,,,,,,07/11/2014,,,,07/11/2019,01/04/2017,13/09/2018,,,Operational,POINT (286289 467410)
2534,11477290,12/04/2023,"Diamond Green Limited, CTG & Ocean Winds",Moray East,Wind Offshore,,,950.0,,,AR2,,,950.00,9.50,100,204.00,,Operational,Operational,,,"Smith Bank, Moray Firth - 13miles off Lybster",Offshore,Offshore,Scotland,,353328,897834,Scottish Government (S36),,,,,,03/01/1900,28/08/2012,,,,,,,19/03/2014,,,,,06/06/2019,01/04/2022,,,Operational,POINT (353328 897834)
2535,11842511,03/11/2015,Eneco & EDF,Navitus Bay,Wind Offshore,,,970.0,,,,,,,5.00,121,,,Planning Permission Refused,Application Refused,,,"off the Dorset and Hampshire coasts, to the west of the Isle of Wight.",Offshore,Offshore,England,,411540,54803,The Planning Inspectorate - National Infrastructure,EN010024,,,,,03/01/1900,08/05/2014,,11/09/2015,,,,,,,,,,,,,,Planned,POINT (411540 54803)
2538,11815541,02/01/2020,Statoil / Statkraft,Dudgeon East ,Wind Offshore,,,402.0,,,Investment Contract,,,402.00,6.00,67,,,Operational,Operational,,,Greater wash,Offshore,Offshore,England,,575000,361000,DECC (S36),,,,,,02/01/1900,12/06/2009,,,,,,,06/07/2012,,,,,17/03/2016,15/10/2017,,,Operational,POINT (575000 361000)
2539,11845588,02/05/2018,Orsted (formerly Dong Energy),Burbo Bank Extension (Burbo Bank 2),Wind Offshore,,,258.0,,,Investment Contract,,,258.00,8.00,32,,,Operational,Operational,,,"Burbo Flats, Liverpool Bay, approximately 6.4km (4.0 miles) from the Sefton coastline and 7.2km (4.5 miles) from North Wirral.",Offshore,Offshore,England,,315815,398892,The Planning Inspectorate - National Infrastructure,EN010026,,,,,02/01/1900,22/03/2013,,,,,,,10/12/2014,,,,,10/06/2016,27/04/2017,,,Operational,POINT (315815 398892)
2540,11979499,18/10/2023,SSE / Seagreen Wind Energy Ltd,Seagreen,Wind Offshore,,,1075.0,,No,AR3,,,454.00,9.20,114,,,Operational,Operational,,,"Firth of Forth Wind Zone 2, Dundee, Tayside",Offshore,Offshore,Scotland,DD4 0AD,404600,749300,Marine Scotland,,,,,19/07/2016,03/01/1900,23/10/2012,,,,,,,16/05/2017,,,,,01/05/2021,16/10/2023,,,Operational,POINT (404600 749300)
2541,12019652,12/04/2022,"SSE/Equinor (formerly Statoil, formerly Forewind)",Dogger Bank A & B (was Creyke Beck A & B),Wind Offshore,,,2400.0,,,AR3,,,2400.00,113.00,190,260.00,,Under Construction,Under Construction,,,125km off coast of Yorkshire,Offshore,Offshore,England,,629000,681000,The Planning Inspectorate - National Infrastructure,EN010021,,,,,03/01/1900,29/08/2013,,,,,,,17/02/2015,,,,,01/07/2021,,,,Under Construction,POINT (629000 681000)
2543,10754974,19/08/2020,RWE,Gwynt y Mor ,Wind Offshore,,,576.0,,,,,,,3.60,160,,,Operational,Operational,,,Liverpool Bay (13-15km offshore) ,Offshore,Offshore,Wales,,292082,396482,DECC (S36),,,,,,02/01/1900,01/11/2005,,,,,,,03/12/2008,,,,,01/03/2012,18/06/2015,,,Operational,POINT (292082 396482)
2544,11528891,03/10/2016,E.ON Humber Wind Ltd/ Balfour Beatty Investments and Equitix.,Humber Gateway A,Wind Offshore,,,219.0,,,,,,,3.00,73,,,Operational,Operational,,,8km from Yorkshire Coast,Offshore,Offshore,England,,566400,390760,DECC (S36),,,,,,02/01/1900,01/04/2008,,,,,,,09/02/2011,,,,,30/08/2013,30/05/2015,,,Operational,POINT (566400 390760)
2545,11815594,05/04/2018,Orsted (formerly Dong Energy),Westermost Rough A,Wind Offshore,,,210.0,,,,,,,6.00,35,,,Operational,Operational,,,25 km north of Spurn Head at the River Humber estuary.,Offshore,Offshore,England,,571600,358680,DECC (S36),,,,,,02/01/1900,17/11/2009,,,,,,,29/11/2011,,,,,28/02/2014,26/05/2015,,,Operational,POINT (571600 358680)
2546,10621539,20/11/2017,Orsted (formerly Dong Energy),Barrow ,Wind Offshore,,,90.0,,,,,,,3.00,30,,,Operational,Operational,,,"7km Walney Island, near Barrow-in-Furness",Offshore,Offshore,England,,314978,455827,DECC (S36),,,,,,01/01/1900,10/05/2002,,,,,,,12/03/2003,,,,,01/05/2005,01/04/2006,,,Operational,POINT (314978 455827)
5867,12628697,01/04/2022,Scottish Power Renewables,East Anglia 2 (EA 2),Wind Offshore,,,900.0,,,AR6,,,963.07,12.00,75,282.00,,Planning Permission Granted,Awaiting Construction,,,37km offshore from Lowestoft,Offshore,Offshore,England,NR32,681603,321858,The Planning Inspectorate - National Infrastructure,EN010078,,,,,,15/10/2019,,,,,,,31/03/2022,,,,31/03/2029,,,,,Planned,POINT (681603 321858)
6158,12548990,27/10/2022,EDPR,Moray West Offshore Wind Farm Project,Wind Offshore,,,882.0,,No,AR6,,,73.50,14.70,60,230.00,,Under Construction,Under Construction,,,"Smith Bank, Moray Firth - 22.5 km off Lybster",Offshore,Offshore,Scotland,KW2,322637,909733,Marine Scotland,,,,,,,05/07/2018,,,,,,,14/06/2019,,,,13/06/2044,01/05/2022,,,,Under Construction,POINT (322637 909733)
6299,12263487,29/06/2020,Vattenfall,Thanet (extension),Wind Offshore,,,340.0,,,,,,,10.00,34,210.00,,Planning Permission Refused,Application Refused,,,"Thanet offshore windfarm, Dover, ",Offshore,Offshore,England,CT15,649878,175192,DECC (S36),,,,,,,27/06/2018,,01/06/2020,,,,,,,,,,,,,,Planned,POINT (649878 175192)
6483,12225109,22/12/2022,RWE Renewables UK Limited,The East Anglia Array - Norfolk Boreas,Wind Offshore,,,1400.0,,,AR4,,,1396.00,,,,,Planning Permission Granted,Awaiting Construction,,,"North Sea, off the East Anglia coast",Offshore,Offshore,England,,708047,312194,The Planning Inspectorate - National Infrastructure,EN010087,,,,,,11/06/2019,,,,,,,10/12/2021,,,,10/12/2026,,,,,Planned,POINT (708047 312194)
6501,11022914,20/08/2020,Orsted (formerly Dong Energy)/ Macquarie Group,Race Bank (Phase 2),Wind Offshore,,,283.5,,,,,,,6.30,45,154.00,,Operational,Operational,,,"Race Bank, Greater Wash",Offshore,Offshore,England,,573300,363000,DECC (S36),,,,,,,23/01/2009,,,,,,,,,,,,07/07/2016,01/02/2018,,,Operational,POINT (573300 363000)
6556,11857688,13/09/2022,RWE Renewables UK Limited,Sofia (Teesside B),Wind Offshore,,,1400.0,,,AR3,,,14.00,,100,252.00,,Under Construction,Under Construction,,,125km off coast of Yorkshire,Offshore,Offshore,England,,675550,599192,The Planning Inspectorate - National Infrastructure,EN010051,,,,,,28/03/2014,,,,,,,05/08/2015,,,,,01/03/2022,,,,Under Construction,POINT (675550 599192)
7691,12566043,11/01/2024,Equinor,Sheringham Extension Project,Wind Offshore,,,317.0,,,,,,,,27,326.00,,Planning Permission Granted,Awaiting Construction,,,"Offshore, to the north and east of Sheringham Shoal OFW.",Offshore,Offshore,England,,613032,366092,The Planning Inspectorate - National Infrastructure,EN010109,,,,,,05/09/2022,,,,,,,18/04/2024,,,,,,,,,Planned,POINT (613032 366092)
7692,12566043,11/01/2024,Equinor,Dudgeon Extension Project,Wind Offshore,,,402.0,,,,,,,,34,326.00,,Planning Permission Granted,Awaiting Construction,,,"Offshore, north and southeast of Dudgeon OFW",Offshore,Offshore,England,,613032,366092,The Planning Inspectorate - National Infrastructure,EN010109,,,,,,05/09/2022,,,,,,,18/04/2024,,,,,,,,,Planned,POINT (613032 366092)
7698,12627544,06/05/2025,RWE Renewables UK Limited,"Rampion Wind Farm (Extension), (Rampion 2)",Wind Offshore,,,1200.0,,,,,,,,90,325.00,,Planning Permission Granted,Awaiting Construction,,,"Rampion Wind Farm, East Quay, Newhaven",Offshore,Offshore,England,BN9,528790,83836,The Planning Inspectorate - National Infrastructure,EN010117,,,,,,10/08/2023,,,,,,,04/04/2025,,,,04/04/2032,,,,,Planned,POINT (528790 83836)
7699,12610038,20/09/2023,RWE Renewables,Awel y Mor Offshore Wind Farm,Wind Offshore,,,576.0,,No,,,,,,,332.00,,Planning Permission Granted,Awaiting Construction,,,"10.5 km off the coast of North Wales, To the west of, and immediately adjacent to, the Gwynt y Môr Offshore Wind Farm.",Offshore,Offshore,Wales,,280451,398028,The Planning Inspectorate - National Infrastructure,EN010112 ,,,,,,20/04/2022,,,,,,,20/09/2023,,,,20/09/2030,,,,,Planned,POINT (280451 398028)
7861,12533135,17/02/2023,Simply Blue Energy,Erebus - Floating Offshore Wind Demonstration Project,Wind Offshore,,,100.0,,,,,,,,10,150.00,,Planning Permission Granted,Awaiting Construction,,,Approximately 45 km off the south west coast of ,Offshore,Offshore,Wales,,196768,194102,Welsh Government (NSIP),DNS/3251528,,,,,,22/12/2021,,,,,,,17/02/2023,,,,,,,,,Planned,POINT (196768 194102)
9803,12597881,11/04/2024,RWE Renewables,Five Estuaries - Wind Farm,Wind Offshore,,,300.0,,No,,,,,3.80,79,320.00,,Planning Application Submitted,Application Submitted,,,Five Estuaries Offshore Wind Farm ,Offshore,Offshore,England,IP11,630357,234771,The Planning Inspectorate - National Infrastructure,EN010115,,,,,,25/03/2024,,,,,,,,,,,,,,,,Planned,POINT (630357 234771)
9873,12601323,01/11/2021,Scottish Southern Energy Renewables ,Berwick Bank Offshore Wind Farm ,Wind Offshore,,,4100.0,,No,,,,,13.30,307,200.00,,Planning Application Submitted,Application Submitted,,,"Berwick Bank Offshore Wind Farm, E/O St Abbs Head, Coastline, Eyemouth",Offshore,Offshore,Scotland,TD14,432997,728012,Marine Scotland,,,,,,,09/12/2022,,,,,,,,,,,,,,,,Planned,POINT (432997 728012)
10772,12623679,14/07/2025,Total Energies / RIDG,West of Orkney Wind Farm,Wind Offshore,,,2000.0,,No,,,,,16.00,125,359.90,,Planning Permission Granted,Awaiting Construction,,,"30km W/O Orkney, Orkney",Offshore,Offshore,Scotland,N1,289696,998864,Marine Scotland,,,,,,,18/09/2023,,,,,,,27/06/2025,,,,,,,,,Planned,POINT (289696 998864)
10918,12627898,28/07/2025,BP Oil UK Limited / ENBW UK Limited,Mona Offshore Wind Farm,Wind Offshore,,,1500.0,,No,,,,,15.60,96,324.00,,Planning Permission Granted,Awaiting Construction,,,30km offshore in the Irish Sea,Offshore,Offshore,England,FY5,278986,416968,The Planning Inspectorate - National Infrastructure,EN010137,,,,,,22/02/2024,,,,,,,04/07/2025,,,,,,,,,Planned,POINT (278986 416968)
11035,12630315,11/07/2024,Orsted / Simply Blue Group,Peterhead - The Salamander Project,Wind Offshore,,11035,100.0,,No,,,,,14.00,7,172.50,,Planning Application Submitted,Application Submitted,,,"INTOG 3, North East Coast off Scotland",Offshore,Offshore,Scotland,AB42,479551,858320,Marine Scotland,,,,,,,24/04/2024,,,,,,,,,,,,,,,,Planned,POINT (479551 858320)
11106,12630942,28/04/2022,EDF Energy Renewables,Blyth Offshore Wind Farm Phase 2 Demonstrator Project,Wind Offshore,,,58.4,,,,,,,,5,,,Planning Permission Granted,Awaiting Construction,,,"Blyth & Newbiggin-by-the-sea, Blyth",Offshore,Offshore,England,,440591,586033,Marine Management Organisation,,,,,,,01/03/2012,,,,,,,09/09/2022,,,,,,,,,Planned,POINT (440591 586033)
11663,12648022,11/04/2024,Green Investment Group / Total Energies,Outer Dowsing Offshore Wind Farm,Wind Offshore,,,1500.0,,No,,,,,15.00,100,403.00,,Planning Application Submitted,Application Submitted,,,"Outer Dowsing Offshore Wind Farm, Lincoln",Offshore,Offshore,England,LN1,641340,395479,The Planning Inspectorate - National Infrastructure,EN010130,,,,,,19/03/2024,,,,,,,,,,,,,,,,Planned,POINT (641340 395479)
11851,12653711,28/05/2024,Flotation Energy / Vårgrønn,Green Volt - Offshore Wind Farm,Wind Offshore,,,560.0,,No,AR6,,,400.00,16.00,35,270.00,,Planning Permission Granted,Awaiting Construction,,,"INTOG 6, North East Coast off Scotland",Offshore,Offshore,Scotland,AB42,399571,807062,Marine Scotland,,,,,,,20/01/2023,,,,,,,19/04/2024,,,,,,,,,Planned,POINT (399571 807062)
11852,12695491,22/09/2025,Flotation Energy / Cobra Instalaciones Servicios,Whitecross - Offshore Wind Farm,Wind Offshore,,,100.0,,No,,,,,12.50,8,284.00,,Planning Permission Granted,Awaiting Construction,,,52km off the North Cornwall and North Devon coast,Offshore,Offshore,England,EX39 4LF,248194,132186,Marine Management Organisation,MLA/2023/00113,,,,,,14/03/2023,,,,,,,16/07/2025,,,,16/07/2030,,,,,Planned,POINT (248194 132186)
11989,12656601,02/08/2023,Highland Wind Limited / Copenhagen Infrastructure Partners / Eurus Energy,Pentland Floating Offshore Wind Farm,Wind Offshore,,,100.0,,No,,,,,14.00,7,300.00,,Planning Permission Granted,Awaiting Construction,,,12 nautical miles 6.5 kilometres off the coast of Dounreay,Offshore,Offshore,Scotland,KW14,311532,968614,Marine Scotland,,,,,,,09/08/2022,,,,,,,28/06/2023,,,,,,,,,Planned,POINT (311532 968614)
12307,12665183,16/12/2024,Ocean Winds,Moray Firth - Caledonia North Offshore Wind Farm,Wind Offshore,,,900.0,,No,,,,,25.00,77,355.00,,Planning Application Submitted,Application Submitted,,,"Caledonia Offshore Wind Farm, Moray Firth, Inverness",Offshore,Offshore,Scotland,IV11,303108,878674,Marine Scotland,,,,,,,04/12/2024,,,,,,,,,,,,,,,,Planned,POINT (303108 878674)
14144,12717336,03/07/2023,SSE / Seagreen Wind Energy Ltd,Seagreen Phase 1A,Wind Offshore,,,540.0,,No,,,,,15.00,36,,,Planning Permission Granted,Awaiting Construction,,,"Firth of Forth Wind Zone 2, Dundee, Tayside",Offshore,Offshore,Scotland,DD4 0AD,404600,749300,Marine Scotland,,,,,19/07/2016,03/01/1900,14/09/2018,,,,,,,06/12/2019,,,,,,,,,Planned,POINT (404600 749300)
17559,12826059,16/12/2024,Ocean Winds,Moray Firth - Caledonia South Offshore Wind Farm,Wind Offshore,,,1100.0,,No,,,,,25.00,78,355.00,,Planning Application Submitted,Application Submitted,,,"Caledonia Offshore Wind Farm, Moray Firth, Inverness",Offshore,Offshore,Scotland,IV11,303108,878674,Marine Scotland,,,,,,,30/09/2022,,,,,,,,,,,,,,,,Planned,POINT (303108 878674)
